{
    "rmse_technopark": 0.06907404887686087,
    "rmse_thampanoor": 0.07574871703868043
}